mean_fit_time,std_fit_time,mean_score_time,std_score_time,param_batch_size,param_epochs,param_model__dropout_rate,param_model__hidden_layer_1,param_model__hidden_layer_2,param_model__hidden_layer_3,param_model__learning_rate,param_model__optimizer,params,split0_test_score,split1_test_score,split2_test_score,split3_test_score,split4_test_score,mean_test_score,std_test_score,rank_test_score,split0_train_score,split1_train_score,split2_train_score,split3_train_score,split4_train_score,mean_train_score,std_train_score,rank_train_score
7.085274934768677,3.0963975392490357,0.14409103393554687,0.04899001591308111,32,150,0.47314719953913353,125,96,36,0.0005033414197773552,rmsprop,"OrderedDict({'batch_size': 32, 'epochs': 150, 'model__dropout_rate': 0.47314719953913353, 'model__hidden_layer_1': 125, 'model__hidden_layer_2': 96, 'model__hidden_layer_3': 36, 'model__learning_rate': 0.0005033414197773552, 'model__optimizer': 'rmsprop'})",-0.10103420843277644,-0.1050119331742243,-0.09315286624203822,-0.1146496815286624,-0.08280254777070062,-0.0993302474296804,0.010781419122432386,19,-0.061890547263681595,-0.06567164179104479,-0.06227616394747315,-0.0861520095503382,-0.0473537604456824,-0.06466882459964403,0.012456227153940933,20
10.182290029525756,1.5255771242177196,0.16919355392456054,0.008744673743918371,64,150,0.22136404395367001,247,115,19,0.00018906758484967925,adamw,"OrderedDict({'batch_size': 64, 'epochs': 150, 'model__dropout_rate': 0.22136404395367001, 'model__hidden_layer_1': 247, 'model__hidden_layer_2': 115, 'model__hidden_layer_3': 19, 'model__learning_rate': 0.00018906758484967925, 'model__optimizer': 'adamw'})",-0.08671439936356407,-0.10262529832935563,-0.07722929936305734,-0.10191082802547768,-0.07324840764331209,-0.08834564654495336,0.012182638205017925,3,-0.0461691542288557,-0.05671641791044779,-0.0423796259450856,-0.0732192598487863,-0.034023079984082716,-0.05050150758345162,0.013498105062904726,10
6.637558841705323,2.3361486348203178,0.11825432777404785,0.029032225639212553,32,150,0.14194366342108145,147,50,38,0.0002045955144916563,rmsprop,"OrderedDict({'batch_size': 32, 'epochs': 150, 'model__dropout_rate': 0.14194366342108145, 'model__hidden_layer_1': 147, 'model__hidden_layer_2': 50, 'model__hidden_layer_3': 38, 'model__learning_rate': 0.0002045955144916563, 'model__optimizer': 'rmsprop'})",-0.10262529832935563,-0.11058074781225136,-0.08996815286624205,-0.11783439490445857,-0.07802547770700641,-0.0998068143238628,0.014284544379053847,20,-0.0551243781094527,-0.05711442786069654,-0.05809789096697171,-0.0807799442896936,-0.041981695185037804,-0.05861966728237047,0.012511235232342991,18
2.4916433811187746,0.21154935434670638,0.09329166412353515,0.0029761400111723425,64,50,0.33921883100485123,218,82,21,0.0032478881572932782,rmsprop,"OrderedDict({'batch_size': 64, 'epochs': 50, 'model__dropout_rate': 0.33921883100485123, 'model__hidden_layer_1': 218, 'model__hidden_layer_2': 82, 'model__hidden_layer_3': 21, 'model__learning_rate': 0.0032478881572932782, 'model__optimizer': 'rmsprop'})",-0.08194112967382661,-0.10342084327764522,-0.09076433121019112,-0.09713375796178347,-0.09235668789808915,-0.09312335000430712,0.007117816121189813,11,-0.031442786069651785,-0.061890547263681595,-0.06585754078790296,-0.060087544767210455,-0.053322721846398746,-0.05452022814696911,0.012229911122508725,14
3.4067150592803954,0.17403728925235357,0.09202451705932617,0.0021574908814438864,64,100,0.31064809485107703,201,119,50,0.0007052711923416698,adamw,"OrderedDict({'batch_size': 64, 'epochs': 100, 'model__dropout_rate': 0.31064809485107703, 'model__hidden_layer_1': 201, 'model__hidden_layer_2': 119, 'model__hidden_layer_3': 50, 'model__learning_rate': 0.0007052711923416698, 'model__optimizer': 'adamw'})",-0.08989657915672233,-0.10342084327764522,-0.07882165605095537,-0.11066878980891715,-0.07722929936305734,-0.09200743353145949,0.013230463511189226,10,-0.04656716417910445,-0.04019900497512441,-0.04257859132510944,-0.07421408674890573,-0.036609629924393206,-0.04803369543052745,0.013484905720962198,6
3.241543102264404,0.17422033902065504,0.09220447540283203,0.0033968117859431222,64,150,0.1654428714554201,100,109,34,0.0008280356368997305,adamw,"OrderedDict({'batch_size': 64, 'epochs': 150, 'model__dropout_rate': 0.1654428714554201, 'model__hidden_layer_1': 100, 'model__hidden_layer_2': 109, 'model__hidden_layer_3': 34, 'model__learning_rate': 0.0008280356368997305, 'model__optimizer': 'adamw'})",-0.09705648369132858,-0.09785202863961817,-0.0883757961783439,-0.08917197452229297,-0.08280254777070062,-0.09105176616045685,0.00567528392947913,6,-0.035820895522388096,-0.041393034825870645,-0.04436927974532434,-0.04138479904496617,-0.035017906884202143,-0.03959718320455028,0.0035895314209440643,3
3.535377359390259,0.3835010580905492,0.11045441627502442,0.018893338642880605,32,150,0.2436091727685616,232,89,45,0.0019840609953878058,adamw,"OrderedDict({'batch_size': 32, 'epochs': 150, 'model__dropout_rate': 0.2436091727685616, 'model__hidden_layer_1': 232, 'model__hidden_layer_2': 89, 'model__hidden_layer_3': 45, 'model__learning_rate': 0.0019840609953878058, 'model__optimizer': 'adamw'})",-0.09626093874303898,-0.10103420843277644,-0.07563694267515919,-0.11624203821656054,-0.09554140127388533,-0.0969431058682841,0.013004373323965604,16,-0.04119402985074627,-0.0461691542288557,-0.038400318344608,-0.08157580580978907,-0.07461201750895341,-0.05639026514859049,0.018029856234315165,16
3.8629914283752442,0.23374848274135698,0.10083637237548829,0.002846110839123662,32,150,0.2985866814386867,225,63,18,0.001385337547742264,adam,"OrderedDict({'batch_size': 32, 'epochs': 150, 'model__dropout_rate': 0.2985866814386867, 'model__hidden_layer_1': 225, 'model__hidden_layer_2': 63, 'model__hidden_layer_3': 18, 'model__learning_rate': 0.001385337547742264, 'model__optimizer': 'adam'})",-0.09626093874303898,-0.09626093874303898,-0.07245222929936301,-0.09156050955414008,-0.0883757961783439,-0.088982082503585,0.008788804383141233,4,-0.04517412935323384,-0.040000000000000036,-0.028253083963390324,-0.04456824512534818,-0.050338241146040574,-0.04166673991760259,0.007464846075967781,4
13.314873361587525,1.290651413502074,0.0947336196899414,0.0029393779912773492,64,150,0.44866077138528604,144,69,26,0.00010002811886321582,adamw,"OrderedDict({'batch_size': 64, 'epochs': 150, 'model__dropout_rate': 0.44866077138528604, 'model__hidden_layer_1': 144, 'model__hidden_layer_2': 69, 'model__hidden_layer_3': 26, 'model__learning_rate': 0.00010002811886321582, 'model__optimizer': 'adamw'})",-0.1058074781225139,-0.1050119331742243,-0.10111464968152861,-0.11066878980891715,-0.09315286624203822,-0.10315114340584444,0.0058505813910104554,22,-0.0722388059701492,-0.061890547263681595,-0.06864305610823718,-0.07958615200955033,-0.06346995622761642,-0.06916570351584694,0.006382355387818055,24
8.082348251342774,1.5300406233198423,0.12089180946350098,0.002060011248646066,16,150,0.396513097747211,113,88,29,0.0004223559458393248,adam,"OrderedDict({'batch_size': 16, 'epochs': 150, 'model__dropout_rate': 0.396513097747211, 'model__hidden_layer_1': 113, 'model__hidden_layer_2': 88, 'model__hidden_layer_3': 29, 'model__learning_rate': 0.0004223559458393248, 'model__optimizer': 'adam'})",-0.08512330946698488,-0.10978520286396176,-0.08041401273885351,-0.10907643312101911,-0.08200636942675155,-0.09328106552351416,0.013274855857658897,12,-0.03482587064676612,-0.0662686567164179,-0.046358933545563086,-0.08654994031038599,-0.04795065658575404,-0.05639081156097743,0.018133208987896363,17
3.584586524963379,0.4154162120294403,0.10170683860778809,0.0026603742797187122,32,100,0.3040158073569814,252,33,16,0.0037087927892852737,adam,"OrderedDict({'batch_size': 32, 'epochs': 100, 'model__dropout_rate': 0.3040158073569814, 'model__hidden_layer_1': 252, 'model__hidden_layer_2': 33, 'model__hidden_layer_3': 16, 'model__learning_rate': 0.0037087927892852737, 'model__optimizer': 'adam'})",-0.10182975338106603,-0.10898965791567228,-0.10907643312101911,-0.11146496815286622,-0.0987261146496815,-0.10601738544406103,0.0048696452806476455,25,-0.05213930348258711,-0.05532338308457707,-0.09231993633107838,-0.06506167926780737,-0.05968961400716277,-0.06490678323464254,0.014377579127748192,21
4.467499494552612,0.9897951904918,0.10991926193237304,0.038596951895639664,64,150,0.5,64,32,49,0.0022138143594835464,adam,"OrderedDict({'batch_size': 64, 'epochs': 150, 'model__dropout_rate': 0.5, 'model__hidden_layer_1': 64, 'model__hidden_layer_2': 32, 'model__hidden_layer_3': 49, 'model__learning_rate': 0.0022138143594835464, 'model__optimizer': 'adam'})",-0.08353221957040569,-0.09864757358790777,-0.08200636942675155,-0.09474522292993626,-0.0883757961783439,-0.08946143633866903,0.0063908648398763625,5,-0.03164179104477616,-0.05731343283582091,-0.04934341424592126,-0.05968961400716277,-0.04655789892558693,-0.0489092302118536,0.00990685647923497,7
7.642900228500366,0.23526194350387514,0.21410717964172363,0.005684949607754174,16,100,0.1772048968379893,199,51,42,0.0018261219176095719,rmsprop,"OrderedDict({'batch_size': 16, 'epochs': 100, 'model__dropout_rate': 0.1772048968379893, 'model__hidden_layer_1': 199, 'model__hidden_layer_2': 51, 'model__hidden_layer_3': 42, 'model__learning_rate': 0.0018261219176095719, 'model__optimizer': 'rmsprop'})",-0.09864757358790777,-0.10739856801909309,-0.0939490445859873,-0.11066878980891715,-0.08439490445859876,-0.09901177609210081,0.009440774096842257,18,-0.06567164179104479,-0.06567164179104479,-0.07122960604854756,-0.07043374452845208,-0.0549144448865897,-0.06558421580913579,0.005818035027377452,22
8.005982446670533,0.5692363815483555,0.17317018508911133,0.008690739790157201,64,50,0.3725707270532952,178,38,54,0.000631729242156543,adam,"OrderedDict({'batch_size': 64, 'epochs': 50, 'model__dropout_rate': 0.3725707270532952, 'model__hidden_layer_1': 178, 'model__hidden_layer_2': 38, 'model__hidden_layer_3': 54, 'model__learning_rate': 0.000631729242156543, 'model__optimizer': 'adam'})",-0.09228321400159112,-0.10739856801909309,-0.07643312101910826,-0.10111464968152861,-0.08200636942675155,-0.09184718442961452,0.01150961820629909,9,-0.047761194029850795,-0.044975124378109466,-0.041981695185037804,-0.06108237166732988,-0.04038997214484674,-0.04723807148103494,0.007370009372088836,5
8.429080533981324,0.6148154242688342,0.21568036079406738,0.005142978804609719,16,50,0.42090687195521503,252,128,23,0.009669963670804608,adamw,"OrderedDict({'batch_size': 16, 'epochs': 50, 'model__dropout_rate': 0.42090687195521503, 'model__hidden_layer_1': 252, 'model__hidden_layer_2': 128, 'model__hidden_layer_3': 23, 'model__learning_rate': 0.009669963670804608, 'model__optimizer': 'adamw'})",-0.14319809069212408,-0.13762927605409703,-0.13057324840764328,-0.1616242038216561,-0.12818471337579618,-0.14024190647026333,0.011930015565099384,30,-0.11124378109452737,-0.12119402985074623,-0.11798647035415832,-0.1321130123358536,-0.11042578591325114,-0.11859261590970734,0.007882111034223125,30
8.353979301452636,1.9201189636454097,0.17726483345031738,0.01455684572937243,64,150,0.3368342798875168,243,128,27,0.0004226234483774529,adam,"OrderedDict({'batch_size': 64, 'epochs': 150, 'model__dropout_rate': 0.3368342798875168, 'model__hidden_layer_1': 243, 'model__hidden_layer_2': 128, 'model__hidden_layer_3': 27, 'model__learning_rate': 0.0004226234483774529, 'model__optimizer': 'adam'})",-0.08353221957040569,-0.10262529832935563,-0.08200636942675155,-0.12101910828025475,-0.06687898089171973,-0.09121239529969746,0.018732568230897938,8,-0.03184079601990053,-0.04736318407960194,-0.05551134102666133,-0.0915240748109829,-0.023875845602865153,-0.050023048308002374,0.02355335196124756,9
5.174276351928711,0.5038709782030552,0.17409982681274414,0.007366385700582064,64,100,0.3111832560206744,64,53,18,0.009692200289714679,adam,"OrderedDict({'batch_size': 64, 'epochs': 100, 'model__dropout_rate': 0.3111832560206744, 'model__hidden_layer_1': 64, 'model__hidden_layer_2': 53, 'model__hidden_layer_3': 18, 'model__learning_rate': 0.009692200289714679, 'model__optimizer': 'adam'})",-0.09705648369132858,-0.1066030230708035,-0.10429936305732479,-0.13057324840764328,-0.0883757961783439,-0.10538158288108881,0.014112315088491988,24,-0.050547263681592014,-0.05233830845771148,-0.0919220055710307,-0.10425785913251095,-0.048945483485873464,-0.06960218406574373,0.023609408789987123,25
4.672539806365966,0.7174309487884497,0.12062835693359375,0.007685604148793668,16,150,0.1,179,82,64,0.008831378122347034,adamw,"OrderedDict({'batch_size': 16, 'epochs': 150, 'model__dropout_rate': 0.1, 'model__hidden_layer_1': 179, 'model__hidden_layer_2': 82, 'model__hidden_layer_3': 64, 'model__learning_rate': 0.008831378122347034, 'model__optimizer': 'adamw'})",-0.1177406523468576,-0.12171837708830546,-0.10907643312101911,-0.13057324840764328,-0.0987261146496815,-0.1155669651227014,0.010894903153919626,28,-0.09512437810945273,-0.09412935323383087,-0.10366096299243932,-0.11181854357341825,-0.06247512932749699,-0.09344167344732764,0.016759322704883697,29
6.867155647277832,1.5228699123085112,0.12114515304565429,0.0016081590989734515,16,100,0.47748297588411803,176,51,45,0.004758983380646262,adam,"OrderedDict({'batch_size': 16, 'epochs': 100, 'model__dropout_rate': 0.47748297588411803, 'model__hidden_layer_1': 176, 'model__hidden_layer_2': 51, 'model__hidden_layer_3': 45, 'model__learning_rate': 0.004758983380646262, 'model__optimizer': 'adam'})",-0.0938743038981702,-0.10262529832935563,-0.0939490445859873,-0.10907643312101911,-0.07484076433121023,-0.09487316885314849,0.011532364849144017,14,-0.038606965174129315,-0.0551243781094527,-0.07839235972940706,-0.06028651014723441,-0.03760445682451252,-0.0540029339969472,0.015109804520649153,13
6.556807279586792,0.8342729132594259,0.12039480209350586,0.0007120882246972241,16,100,0.4131205585721647,72,44,55,0.008684599614633531,adamw,"OrderedDict({'batch_size': 16, 'epochs': 100, 'model__dropout_rate': 0.4131205585721647, 'model__hidden_layer_1': 72, 'model__hidden_layer_2': 44, 'model__hidden_layer_3': 55, 'model__learning_rate': 0.008684599614633531, 'model__optimizer': 'adamw'})",-0.09864757358790777,-0.1058074781225139,-0.10191082802547768,-0.11226114649681529,-0.10191082802547768,-0.10410757085163846,0.0046654776548542215,23,-0.0551243781094527,-0.07502487562189053,-0.0728213290887385,-0.06685236768802227,-0.06904098686828497,-0.06777278747527779,0.006935680452266709,23
6.94159460067749,0.8331276118941494,0.10521168708801269,0.0017181998144616408,32,100,0.1,256,109,16,0.0001,adamw,"OrderedDict({'batch_size': 32, 'epochs': 100, 'model__dropout_rate': 0.1, 'model__hidden_layer_1': 256, 'model__hidden_layer_2': 109, 'model__hidden_layer_3': 16, 'model__learning_rate': 0.0001, 'model__optimizer': 'adamw'})",-0.07716785998408915,-0.09944311853619725,-0.09235668789808915,-0.08121019108280259,-0.07802547770700641,-0.0856406670416369,0.008775206990863552,1,-0.029452736318407946,-0.03681592039800996,-0.058694787107043345,-0.02745722244329485,-0.03760445682451252,-0.038005024618253724,0.01108186321096102,1
6.3315081119537355,0.38244285164248537,0.10464048385620117,0.001021388843718628,32,50,0.1,256,128,16,0.0001,adamw,"OrderedDict({'batch_size': 32, 'epochs': 50, 'model__dropout_rate': 0.1, 'model__hidden_layer_1': 256, 'model__hidden_layer_2': 128, 'model__hidden_layer_3': 16, 'model__learning_rate': 0.0001, 'model__optimizer': 'adamw'})",-0.08512330946698488,-0.09705648369132858,-0.08757961783439494,-0.09792993630573243,-0.07085987261146498,-0.08770984398198116,0.009822816457578211,2,-0.04258706467661688,-0.03681592039800996,-0.038002387584560315,-0.046358933545563086,-0.029645841623557545,-0.03868202956566156,0.005652983691954476,2
4.6160589218139645,0.9828066133856846,0.11719970703125,0.004205767143943602,16,150,0.3377676652696304,93,128,16,0.0025850837995482624,rmsprop,"OrderedDict({'batch_size': 16, 'epochs': 150, 'model__dropout_rate': 0.3377676652696304, 'model__hidden_layer_1': 93, 'model__hidden_layer_2': 128, 'model__hidden_layer_3': 16, 'model__learning_rate': 0.0025850837995482624, 'model__optimizer': 'rmsprop'})",-0.08512330946698488,-0.10978520286396176,-0.1273885350318471,-0.1170382165605095,-0.09235668789808915,-0.10633839036427847,0.015588733424462996,26,-0.03184079601990053,-0.08835820895522384,-0.113808197373657,-0.09251890171110222,-0.06725029844807007,-0.07875528050159072,0.02772613911513495,26
5.104359531402588,0.3384115358411773,0.12132620811462402,0.0014990990530400108,16,100,0.15855959149572987,244,128,64,0.0005271952106882873,adam,"OrderedDict({'batch_size': 16, 'epochs': 100, 'model__dropout_rate': 0.15855959149572987, 'model__hidden_layer_1': 244, 'model__hidden_layer_2': 128, 'model__hidden_layer_3': 64, 'model__learning_rate': 0.0005271952106882873, 'model__optimizer': 'adam'})",-0.08035003977724742,-0.0938743038981702,-0.10191082802547768,-0.10031847133757965,-0.0963375796178344,-0.09455824453126187,0.007651765644235814,13,-0.02825870646766171,-0.045572139303482584,-0.06744926382809391,-0.04655789892558693,-0.0588937524870673,-0.049346352202378485,0.013308472630925753,8
8.527428340911865,2.830592508540564,0.14002008438110353,0.04539821517925698,32,100,0.1,200,32,16,0.00015825885092648361,rmsprop,"OrderedDict({'batch_size': 32, 'epochs': 100, 'model__dropout_rate': 0.1, 'model__hidden_layer_1': 200, 'model__hidden_layer_2': 32, 'model__hidden_layer_3': 16, 'model__learning_rate': 0.00015825885092648361, 'model__optimizer': 'rmsprop'})",-0.08591885441527447,-0.10898965791567228,-0.08678343949044587,-0.09792993630573243,-0.07563694267515919,-0.09105176616045685,0.011412794257304636,6,-0.037810945273631824,-0.0803980099502487,-0.048945483485873464,-0.04814962196577799,-0.03720652606446473,-0.050502117347999344,0.015745223619811344,11
8.712515211105346,0.4250250502954553,0.22854180335998536,0.00838359737185123,16,50,0.1,256,61,64,0.006120669983922383,adam,"OrderedDict({'batch_size': 16, 'epochs': 50, 'model__dropout_rate': 0.1, 'model__hidden_layer_1': 256, 'model__hidden_layer_2': 61, 'model__hidden_layer_3': 64, 'model__learning_rate': 0.006120669983922383, 'model__optimizer': 'adam'})",-0.1066030230708035,-0.12012728719172638,-0.1226114649681529,-0.13057324840764328,-0.10828025477707004,-0.11763905568307922,0.00902873924523916,29,-0.0803980099502487,-0.09273631840796015,-0.10306406685236769,-0.10187027457222442,-0.07580580978909668,-0.09077489591437952,0.011042931040634885,28
7.623947715759277,1.011770705882388,0.22679557800292968,0.01810431681233794,32,50,0.1,227,128,16,0.002482522345727077,adam,"OrderedDict({'batch_size': 32, 'epochs': 50, 'model__dropout_rate': 0.1, 'model__hidden_layer_1': 227, 'model__hidden_layer_2': 128, 'model__hidden_layer_3': 16, 'model__learning_rate': 0.002482522345727077, 'model__optimizer': 'adam'})",-0.09228321400159112,-0.10103420843277644,-0.10031847133757965,-0.11385350318471332,-0.10350318471337583,-0.10219851633400727,0.0069389376779292865,21,-0.05233830845771148,-0.0409950248756219,-0.07560684440907284,-0.07083167528849976,-0.07262236370871467,-0.062478843347924126,0.013486216093547136,19
18.027869176864623,3.2808413051287073,0.23693351745605468,0.00969257863434749,16,100,0.5,218,76,17,0.00018830998774655282,rmsprop,"OrderedDict({'batch_size': 16, 'epochs': 100, 'model__dropout_rate': 0.5, 'model__hidden_layer_1': 218, 'model__hidden_layer_2': 76, 'model__hidden_layer_3': 17, 'model__learning_rate': 0.00018830998774655282, 'model__optimizer': 'rmsprop'})",-0.1185361972951472,-0.11535401750198881,-0.11305732484076436,-0.1273885350318471,-0.08439490445859876,-0.11174619582566925,0.014516304431813022,27,-0.08815920398009947,-0.08597014925373136,-0.09590131317150818,-0.10684440907282133,-0.06088340628730604,-0.08755169635309328,0.015205215663565256,27
20.712519216537476,3.356829893732853,0.18111686706542968,0.004444951891215444,64,100,0.39586822826916757,234,78,64,0.0001,adamw,"OrderedDict({'batch_size': 64, 'epochs': 100, 'model__dropout_rate': 0.39586822826916757, 'model__hidden_layer_1': 234, 'model__hidden_layer_2': 78, 'model__hidden_layer_3': 64, 'model__learning_rate': 0.0001, 'model__optimizer': 'adamw'})",-0.08194112967382661,-0.11376292760540974,-0.09235668789808915,-0.10589171974522293,-0.08439490445859876,-0.09566947387622944,0.012316048712843955,15,-0.0380099502487562,-0.06547263681592042,-0.057302029446876235,-0.07103064066852371,-0.042180660565061645,-0.054799183549027644,0.012843305801535546,15
17.22908573150635,1.8159258457708176,0.23008160591125487,0.011432120552190929,16,150,0.1,174,118,63,0.0001,adam,"OrderedDict({'batch_size': 16, 'epochs': 150, 'model__dropout_rate': 0.1, 'model__hidden_layer_1': 174, 'model__hidden_layer_2': 118, 'model__hidden_layer_3': 63, 'model__learning_rate': 0.0001, 'model__optimizer': 'adam'})",-0.0938743038981702,-0.10819411296738268,-0.08757961783439494,-0.11146496815286622,-0.08757961783439494,-0.0977385241374418,0.010188950443447373,17,-0.042189054726368136,-0.055522388059701444,-0.04257859132510944,-0.07739753282928774,-0.04456824512534818,-0.052451162413162986,0.013391584842288341,12
